<?xml version="1.0" encoding="UTF-8"?>
<project-private xmlns="http://www.netbeans.org/ns/project-private/1">
    <editor-bookmarks xmlns="http://www.netbeans.org/ns/editor-bookmarks/2" lastBookmarkId="1">
        <file>
            <url>src/pkg21042023/Drill.java</url>
            <bookmark id="1">
                <name/>
                <line>14</line>
                <key/>
            </bookmark>
        </file>
    </editor-bookmarks>
    <open-files xmlns="http://www.netbeans.org/ns/projectui-open-files/2">
        <group>
            <file>file:/Users/simonebortot/Desktop/laboratorio1esame/Java/problema12/21042023/src/pkg21042023/Main.java</file>
            <file>file:/Users/simonebortot/Desktop/laboratorio1esame/Java/problema12/21042023/src/pkg21042023/Drill.java</file>
        </group>
    </open-files>
</project-private>
